name,full.name,place.of.birth,publisher
A-Bomb,Richard Milhouse Jones,"Scarsdale, Arizona",Marvel Comics
Agent Bob,Bob,-,Marvel Comics
Black Flash,,-,DC Comics
Black Goliath,,-,Marvel Comics
Black Knight III,Dane Whitman,"Gloucester, Massachusetts",Marvel Comics
Black Lightning,Jefferson Pierce,-,DC Comics
Black Mamba,Tanya Sealy,"Chicago, Illinois",Marvel Comics
Black Manta,David,-,DC Comics
Black Panther,T'Challa,"Wakanda, Africa",Marvel Comics
Black Widow,Natasha Romanoff,-,Marvel Comics
Black Widow II,Yelena Belova,-,Marvel Comics
Blackout,,-,Marvel Comics
Agent Zero,Christoph Nord,Unrevealed location in former East Germany,Marvel Comics
Blackwing,Joseph Manfredi,Professional Criminal,Marvel Comics
Blackwulf,Lucian,Armechadon,Marvel Comics
Blade,Eric Brooks,"Soho, London,England",Marvel Comics
Blaquesmith,-,-,Vertigo II
Bling!,Roxanne Washington,-,Marvel Comics
Blink,Clarice Ferguson,Bahamas,Marvel Comics
Blizzard,Gregor Shapanka,-,Marvel Comics
Blizzard,,-,Marvel Comics
Blizzard II,Donald Gill,"Newark, Delaware",Marvel Comics
Blob,Frederick J. Dukes,"Lubbock, Texas",Marvel Comics
Air-Walker,Gabriel Lan,"Xandar, a planet in the Tranta system, Andromeda galaxy",Marvel Comics
Bloodaxe,Jackie Lukus,-,Marvel Comics
Bloodhawk,Lemuel Krug,-,Marvel Comics
Bloodwraith,Sean Dolan,-,Marvel Comics
Blue Beetle,Daniel Garrett,-,DC Comics
Blue Beetle,,-,DC Comics
Blue Beetle II,Theodore Kord,"Chicago, Illinois",DC Comics
Blue Beetle III,Jaime Reyes,Presumed to be El Paso,DC Comics
Boba Fett,,Kamino,George Lucas
Bolt,,-,Marvel Comics
Bomb Queen,,-,Image Comics
Ajax,Francis,-,Marvel Comics
Boom-Boom,Tabitha Smith,-,Meltdown
Boomer,,-,Marvel Comics
Box,Roger Bochs,-,Marvel Comics
Box III,Dr. Walter Langowski,British Columbia,Marvel Comics
Box IV,Madison Jeffries,Place of birth unknown,Gemini V
Brainiac,Vril Dox,-,DC Comics
Brainiac 5,Querl Dox,-,DC Comics
Brother Voodoo,Jericho Drumm,"Port-au-Prince, Haiti",Marvel Comics
Brundlefly,Seth Brundle,-,
Alan Scott,Alan Ladd Wellington Scott,Gotham City,DC Comics
Buffy,Buffy Anne Summers,-,Dark Horse Comics
Bullseye,Lester,-,Marvel Comics
Bumblebee,Karen Beecher,-,DC Comics
Bumbleboy,,-,Marvel Comics
Bushido,Ryuko Orsono,-,DC Comics
Cable,Nathan Summers,Unrevealed location in the 20th Century United States,Marvel Comics
Callisto,Callisto,-,Marvel Comics
Cameron Hicks,,-,SyFy
Cannonball,Samuel Zachery Guthrie,"Cumberland County, Kentucky",Marvel Comics
Captain America,Steve Rogers,"Manhattan, New York City, New York",Marvel Comics
Alex Mercer,Alexander J. Mercer,-,Wildstorm
Captain Atom,Nathaniel Adam,-,DC Comics
Captain Britain,Brian Braddock,"Braddock Manor, England",Marvel Comics
Captain Cold,Leonard Snart,-,DC Comics
Captain Epic,,Canada,Team Epic TV
Captain Hindsight,Jack Brolin,-,South Park
Captain Mar-vell,Mar-Vell,The city of Rad-Nam on the planet Kree-Lar in the Kree Galaxy (Greater Magellanic Cloud),Marvel Comics
Captain Marvel,Billy Batson,"Fawcett City, United States",DC Comics
Captain Marvel,Carol Danvers,"Boston, Massachusetts",Binary
Captain Marvel II,Frederick Christopher Freeman,-,DC Comics
Captain Midnight,,-,Dark Horse Comics
Alex Woolsly,Alex Woolsly,-,NBC - Heroes
Captain Planet,,-,Marvel Comics
Captain Universe,,-,Marvel Comics
Carnage,Cletus Kasady,-,Marvel Comics
Cat,Shirlee Bryant,"Chicago, Illinois",Marvel Comics
Cat II,,-,Marvel Comics
Catwoman,Selina Kyle,Gotham City,DC Comics
Cecilia Reyes,Dr. Cecilia Reyes,Place of birth unknown,Marvel Comics
Century,,-,Marvel Comics
Cerebra,Shakti Haddad,-,Marvel Comics
Chamber,Jonothon Evan Starsmore,United Kingdom,Marvel Comics
Alfred Pennyworth,Alfred Thaddeus Crane Pennyworth,-,DC Comics
Chameleon,Dmitri Anatoly Smerdyakov Kravinoff,Russia,DC Comics
Changeling,Kevin Sidney,-,Marvel Comics
Cheetah,Priscilla Rich,-,DC Comics
Cheetah III,Barbara Minerva,-,DC Comics
Chromos,Bernard Embers,"London, England",Team Epic TV
Chuck Norris,Carlos Ray Norris,"Ryan, Oklahoma, United States",null
Citizen Steel,Nathan Heywood,-,DC Comics
Claire Bennet,Claire Bennet,-,NBC - Heroes
Clea,Clea,The Dark Dimension,Marvel Comics
Alien,Xenomorph,Your chest :),Dark Horse Comics
Cloak,Tyrone Johnson,"South Boston, Massachusetts",Marvel Comics
Clock King,William Tockman,-,DC Comics
Cogliostro,Cain,-,Image Comics
Colin Wagner,,-,HarperCollins
Colossal Boy,,-,DC Comics
Colossus,Piotr Nikolaievitch Rasputin,"Ust-Ordynski Collective, near Lake Baikal, Siberia, Russia",Marvel Comics
Copycat,Vanessa Carlysle,-,Marvel Comics
Corsair,Christopher Summers,-,Marvel Comics
Cottonmouth,Burchell Clemens,-,Marvel Comics
Crimson Crusader,Rory Destine,"Ravenscroft, England",Marvel Comics
Allan Quatermain,,-,Wildstorm
Crimson Dynamo,Anton Vanko,-,Marvel Comics
Crystal,Crystallia Amaquelin,Attilan,Marvel Comics
Curse,Phillip Krahn,-,Image Comics
Cy-Gor,,-,Image Comics
Cyborg,Victor Stone,"New York City, New York",DC Comics
Cyborg Superman,Henry Henshaw,-,DC Comics
Cyclops,Scott Summers,"Anchorage, Alaska",Marvel Comics
Cypher,Douglas Aaron Ramsey,Place of birth unknown,Marvel Comics
Dagger,Tandy Bowen,"Shaker Heights, Ohio",Marvel Comics
Danny Cooper,,-,HarperCollins
Abe Sapien,Abraham Sapien,-,Dark Horse Comics
Amazo,,-,DC Comics
Daphne Powell,Daphne Powell,-,ABC Studios
Daredevil,Matt Murdock,"New York City, New York",Marvel Comics
Darkhawk,Christopher Powell,"Queens, New York",Marvel Comics
Darkman,Peyton Westlake,-,Universal Studios
Darkseid,Uxas,-,DC Comics
Darkside,,-,null
Darkstar,Laynia Petrovna,"Minks, USSR",Marvel Comics
Darth Maul,,Dathomir,George Lucas
Darth Vader,Anakin Skywalker,Tatooine,George Lucas
Dash,Dashiell Robert Parr,-,Dark Horse Comics
Ammo,,-,Marvel Comics
Data,Data,-,Star Trek
Dazzler,Alison Blaire,"Gardendale, Long Island, New York",Marvel Comics
Deadman,Boston Brand,-,DC Comics
Deadpool,Wade Wilson,Canada,Evil Deadpool
Deadshot,Floyd Lawton,-,DC Comics
Deathlok,Luther Manning,-,Marvel Comics
Deathstroke,Slade Joseph Wilson,-,DC Comics
Demogoblin,,-,Marvel Comics
Destroyer,,Created in Asgard,Marvel Comics
Diamondback,Willis Stryker,-,Marvel Comics
Ando Masahashi,Ando Masahashi,-,NBC - Heroes
DL Hawkins,Daniel Lawrence Hawkins,-,NBC - Heroes
Doc Samson,Leonard Samson,"Tulsa, Oklahoma",Marvel Comics
Doctor Doom,Victor von Doom,"Haasenstadt, Latveria",Marvel Comics
Doctor Doom II,Kristoff Vernard,"Doomstadt, Latveria",Marvel Comics
Doctor Fate,Kent Nelson,-,DC Comics
Doctor Octopus,Otto Octavius,"Schenectady, New York",Marvel Comics
Doctor Strange,Stephen Strange,"Philadelphia, Pennsylvania",Marvel Comics
Domino,Neena Thurman,"Project: Armageddon base, Everglades, Florida",Marvel Comics
Donatello,,-,IDW Publishing
Donna Troy,Donna Hinckley Stacey Troy,-,DC Comics
Angel,Liam,-,Dark Horse Comics
Doomsday,Doomsday,Krypton,DC Comics
Doppelganger,,The Dimension of Manifestations,Marvel Comics
Dormammu,Dormammu,Faltine Dimension,Marvel Comics
Dr Manhattan,Jonathan Osterman,-,DC Comics
Drax the Destroyer,Arthur Sampson Douglas,"Burbank, California",Marvel Comics
Ego,Ego,The Black Galaxy,Marvel Comics
Elastigirl,Helen Parr,-,Dark Horse Comics
Electro,Maxwell Dillon,-,Marvel Comics
Elektra,Elektra Natchios,-,Marvel Comics
Elle Bishop,,-,NBC - Heroes
Angel,Warren Kenneth Worthington III,"Centerport, Long Island, New York",Archangel
Elongated Man,Ralph Dibny,-,DC Comics
Emma Frost,Emma Frost,"Boston, Massachusetts",Marvel Comics
Enchantress,June Moone,-,DC Comics
Energy,,-,HarperCollins
ERG-1,,-,DC Comics
Ethan Hunt,Ethan Hunt,"Madison, Wisconsin, United States of America",null
Etrigan,Jason Blood,Hell,DC Comics
Evil Deadpool,Wade Wilson,-,Deadpool
Evilhawk,Dargin Bokk,-,Marvel Comics
Exodus,Bennet du Paris,-,Marvel Comics
Angel Dust,Christina,-,Marvel Comics
Fabian Cortez,Fabian Cortez,Place of birth unknown,Marvel Comics
Falcon,Sam Wilson,"New York, New York",Marvel Comics
Fallen One II,,-,Marvel Comics
Faora,Faora Hu-Ul,-,DC Comics
Feral,Maria Callasantos,Place of birth unknown,Marvel Comics
Fighting Spirit,Carol Carter,-,DC Comics
Fin Fang Foom,,-,Marvel Comics
Firebird,Bonita Juarez,"Buena Vista, New Mexico",Marvel Comics
Firelord,Pyreus Kril,"Xander, planet in Tranta System, Andromeda Galaxy",Marvel Comics
Firestar,Angelica Jones,Place of birth unknown,Marvel Comics
Angel Salvadore,Angel Salvadore Bohusk,-,Tempest
Firestorm,Jason Rusch,-,DC Comics
Firestorm,Ronald Raymond,-,DC Comics
Fixer,Paul Norbert Ebersol,"Dayton, Ohio",Marvel Comics
Flash,Jay Garrick,"Hibbardsville, Kansas",DC Comics
Flash Gordon,Steven Gordon,-,null
Flash II,Barry Allen,"Fallville, Iowa",Black Racer
Flash III,Wally West,"Blue Valley, Nebraska",Speed Demon
Flash IV,Bartholomew Allen II,-,Impulse
Forge,,"Unrevealed, presumably in the American West",Marvel Comics
Franklin Richards,Franklin  Richards,"New York, New York",Marvel Comics
Angela,,-,Image Comics
Franklin Storm,Dr. Franklin Storm,Place of birth unknown,Marvel Comics
Frenzy,Joanna Cargill,-,Marvel Comics
Frigga,Frigga,Place of birth unknown,Marvel Comics
Galactus,Galan,(Galan) Taa; (Galactus) the Cosmic Egg,Marvel Comics
Gambit,Remy Etienne LeBeau,"New Orleans, Louisiana",Marvel Comics
Gamora,Gamora Zen Whoberi Ben Titan,"Planet Zen Whoberi, Silican System, Milky Way",Marvel Comics
Garbage Man,Richard Ethan Morse,-,DC Comics
Gary Bell,Gary Bell,-,SyFy
General Zod,Dru-Zod,Krypton,DC Comics
Genesis,Tyler Dayspring,-,Marvel Comics
Animal Man,Bernhard Baker,-,DC Comics
Ghost Rider,Johnny Blaze,"Waukegan, Illinois",Marvel Comics
Ghost Rider II,Daniel Ketch,-,Marvel Comics
Giant-Man,Hank Pym,-,Ant-Man
Giant-Man II,,-,Marvel Comics
Giganta,Doris Zuel,-,DC Comics
Gladiator,Kallark,-,Marvel Comics
Goblin Queen,Madelyne Jennifer Pryor,"Created in Sinister's Labs, Nebraska",Marvel Comics
Godzilla,Gojira,-,
Gog,,-,DC Comics
Goku,Kakarot,-,Shueisha
Annihilus,Annihilus,"Planet of Arthros, Sector 17A, Negative Zone",Marvel Comics
Goliath,Erik Josten,-,Atlas
Goliath,Clint Barton,-,Hawkeye
Goliath,Hank Pym,-,Ant-Man
Goliath IV,William Barrett Foster,"Watts, Los Angeles, California",Marvel Comics
Gorilla Grodd,Grodd,-,DC Comics
Granny Goodness,,Apokolips,DC Comics
Gravity,Greg Willis,"Sheboygan, Wisconsin",Marvel Comics
Greedo,Greedo,Rodia,George Lucas
Green Arrow,Oliver Queen,-,DC Comics
Green Goblin,Norman Osborn,"Hartford, Connecticut",Marvel Comics
Abin Sur,,Ungara,DC Comics
Ant-Man,Hank Pym,"Elmsford, New York",Giant-Man
Green Goblin II,Harold Osborn,New York City,Marvel Comics
Green Goblin III,Barton Hamilton,-,Marvel Comics
Green Goblin IV,Phillip Benjamin Urich,-,Marvel Comics
Groot,Groot,-,Marvel Comics
Guardian,James Hudson,"London, Ontario, Canada",Marvel Comics
Guy Gardner,Guy Gardner,"Baltimore, Maryland",DC Comics
Hal Jordan,Hal Jordan,"Coast City, California",DC Comics
Han Solo,Han Solo,Corellia,George Lucas
Hancock,John Hancock,-,Sony Pictures
Harley Quinn,Harley Quinn,-,DC Comics
Ant-Man II,Scott Lang,"Coral Gables, Florida",Marvel Comics
Harry Potter,Harry James Potter,-,J. K. Rowling
Havok,Alexander Summers,"Honolulu, Hawaii",Marvel Comics
Hawk,Henry Hall,-,DC Comics
Hawkeye,Clint Barton,"Waverly, Iowa",Goliath
Hawkeye II,Katherine Elizabeth Bishop,"New York City, New York",Marvel Comics
Hawkgirl,Kendra Saunders,-,DC Comics
Hawkman,Carter Hall,-,DC Comics
Hawkwoman,Shayera Hol,-,DC Comics
Hawkwoman II,Sharon Parker,-,DC Comics
Hawkwoman III,Shayera Thal,-,DC Comics
Anti-Monitor,,Moon of Qward,DC Comics
Heat Wave,Mick Rory,-,DC Comics
Hela,,-,Marvel Comics
Hellboy,Anung Un Rama,-,Dark Horse Comics
Hellcat,Patricia Walker,"Centerville, CA USA",Marvel Comics
Hellstorm,Daimon Hellstrom,"Greentown, Massachusetts",Marvel Comics
Hercules,Heracles,"Thebes, Greece",Marvel Comics
Hiro Nakamura,Hiro Nakamura,"Tokyo, Japan",NBC - Heroes
Hit-Girl,Mindy McCready,-,Icon Comics
Hobgoblin,Roderick Kingsley,-,Marvel Comics
Hollow,Monet St. Croix,-,Marvel Comics
Anti-Spawn,Jason Wynn,-,Image Comics
Hope Summers,Hope Summers,-,Marvel Comics
Howard the Duck,Howard (Last name unrevealed),"New Stork, New Stork, Duckworld",Marvel Comics
Hulk,Bruce Banner,"Dayton, Ohio",Marvel Comics
Human Torch,Johnny Storm,"Glenville, Long Island, New York",Marvel Comics
Huntress,Helena Rosa Bertinelli,-,Batgirl III
Husk,Paige Elisabeth Guthrie,"Cumberland, Kentucky",Marvel Comics
Hybrid,Scott Washington,"Bedford-Stuyvesant, Brooklyn, New York City",Marvel Comics
Hydro-Man,Morris Bench,"Bronx, New York",Marvel Comics
Hyperion,Mark Milton,-,Marvel Comics
Iceman,Bobby Drake,"Fort Washington, Long Island, New York",Marvel Comics
Anti-Venom,Eddie Brock,"San Francisco, California",Toxin
Impulse,Bartholomew Allen II,-,Flash IV
Indiana Jones,Indiana Jones,"Princeton, New Jersey",George Lucas
Indigo,Iroque,-,DC Comics
Ink,Eric Gitter,-,Marvel Comics
Invisible Woman,Susan Storm Richards,"Glenville, Long Island, New York",Marvel Comics
Iron Fist,Danny Rand,-,Marvel Comics
Iron Man,Tony Stark,"Long Island, New York",Marvel Comics
Iron Monger,Obadiah Stane,-,Marvel Comics
Isis,Adrianna Tomaz,-,DC Comics
Jack Bauer,Kiefer Sutherland,"Enola, Pennsylvania",null
Apocalypse,En Sabah Nur,"Akkaba, Egypt",Marvel Comics
Jack of Hearts,Jonathan Hart,"New Haven, Connecticut",Marvel Comics
Jack-Jack,Jack-Jack Parr,-,Dark Horse Comics
James Bond,James Bond,-,Titan Books
James T. Kirk,James T. Kirk,"Riverside, Iowa, Earth",Star Trek
Jar Jar Binks,Jar Jar Binks,Naboo,George Lucas
Jason Bourne,Jason Bourne,-,null
Jean Grey,Jean Grey,-,Phoenix
Jean-Luc Picard,Jean-Luc Picard,"La Barre, France, Earth",Star Trek
Jennifer Kale,Jennifer Kale,"Citrusville, Florida",Marvel Comics
Jesse Quick,Jesse Chambers,-,Liberty Belle II
Aquababy,"Arthur Curry, Jr.",-,DC Comics
Jessica Cruz,Jessica Cruz,-,DC Comics
Jessica Jones,Jessica Campbell Jones Cage,"Forrest Hills, New York City",Power Woman
Jessica Sanders,,-,NBC - Heroes
Jigsaw,Billy Russo,-,Marvel Comics
Jim Powell,Jim Powell,-,ABC Studios
JJ Powell,JJ Powell,-,ABC Studios
Johann Krauss,Johann Krauss,-,Dark Horse Comics
John Constantine,John Constantine,-,DC Comics
John Wraith,John Wraith,-,Marvel Comics
Aqualad,Garth,"Poseidonis, Atlantis",DC Comics
Joker,Jack Napier,-,DC Comics
Jolt,Helen Takahama,"Ojai, California",Marvel Comics
Jubilee,Jubilation Lee,"Beverly Hills, California",Marvel Comics
Judge Dredd,Joseph Dredd,Mega City One,Rebellion
Juggernaut,Cain Marko,"Berkeley, California",Marvel Comics
Junkpile,,-,Marvel Comics
Justice,Vance Astrovik,-,Marvel Comics
Jyn Erso,Jyn Erso,-,George Lucas
K-2SO,,Galactic Empire,George Lucas
Kang,Nathaniel Richards,"Other Earth, 31st century",Iron Lad
Aquaman,Orin,Atlantis,DC Comics
Kathryn Janeway,Kathryn Janeway,"Bloomington, Indiana, Earth",Star Trek
Katniss Everdeen,Katniss Everdeen,-,
Kevin 11,Kevin Ethan Levin,-,DC Comics
Kick-Ass,Dave Lizewski,New York City,Icon Comics
Kid Flash,Wallace Rudolph West,"Blue Valley, Nebraska",DC Comics
Kid Flash II,Bartholomew Allen II,-,Flash IV
Killer Croc,Waylon Jones,-,DC Comics
Killer Frost,Caitlin Snow,-,DC Comics
Kilowog,,Bolovax Vik,DC Comics
King Kong,King Kong,Skull Island,
Arachne,Julia Carpenter,"Los Angeles, California",Marvel Comics
King Shark,Nanaue,-,DC Comics
Kingpin,Wilson Grant Fisk,New York City area,Marvel Comics
Klaw,Ulysses Klaw,"Vlaardingen, Netherlands",Marvel Comics
Kool-Aid Man,,-,null
Kraven II,Alyosha Kravinoff,-,Marvel Comics
Kraven the Hunter,Sergei Kravinoff,"Volgograd (formerly Stalingrad), Russia",Marvel Comics
Krypto,Krypto the Superdog,-,DC Comics
Kyle Rayner,Kyle Rayner,"North Hollywood, Los Angeles, California",DC Comics
Kylo Ren,Ben Solo,-,George Lucas
Lady Bullseye,,-,Marvel Comics
Abomination,Emil Blonsky,"Zagreb, Yugoslavia",Marvel Comics
Archangel,Warren Kenneth Worthington III,"Centerport, Long Island, New York",Angel
Lady Deathstrike,Yuriko Oyama,"Osaka, Japan",Marvel Comics
Leader,Samuel Sterns,"Boise, Idaho",Marvel Comics
Leech,,-,Marvel Comics
Legion,David Haller,Israel,Marvel Comics
Leonardo,Leonardo,-,IDW Publishing
Lex Luthor,Lex Luthor,-,DC Comics
Light Lass,Ayla Ranzz,-,DC Comics
Lightning Lad,Garth Ranzz,-,DC Comics
Lightning Lord,Mekt Ranzz,-,DC Comics
Living Brain,,-,Marvel Comics
Arclight,Philippa Sontag,Vietnam,Marvel Comics
Living Tribunal,,-,Marvel Comics
Liz Sherman,Elizabeth Anne Sherman,-,Dark Horse Comics
Lizard,Curtis Connors,"Coral Gables, Florida",Marvel Comics
Lobo,Lobo,-,DC Comics
Loki,Loki Laufeyson,"Jotunheim, Asgard",Marvel Comics
Longshot,,-,Marvel Comics
Luke Cage,Luke Cage,"Harlem, New York City",Power Man
Luke Campbell,Luke Campbell,-,NBC - Heroes
Luke Skywalker,Luke Skywalker,Tatooine,George Lucas
Luna,Luna Maximoff,"Attilan, Blue Area of the Moon",Marvel Comics
Ardina,Ardina,-,Marvel Comics
Lyja,Lyja,-,Marvel Comics
Mach-IV,Abner Jenkins,"Baltimore, Maryland",Marvel Comics
Machine Man,"X-51, Aaron Stack","Central City, California",Marvel Comics
Magneto,Erik Magnus Lensherr,"Unrevealed, probably somewhere in Northern Europe",Marvel Comics
Magog,David Reid,-,DC Comics
Magus,,Kvch (Technarchy?s home planet),Marvel Comics
Man of Miracles,,-,Image Comics
Man-Bat,Robert Kirkland Langstrom,"Chicago, Illinois",DC Comics
Man-Thing,Dr. Theodore Sallis,-,Marvel Comics
Man-Wolf,John Jameson,"New York, New York",Marvel Comics
Ares,,-,Marvel Comics
Mandarin,Khan,China,Marvel Comics
Mantis,,Vietnam,Marvel Comics
Martian Manhunter,J'onn J'onzz,-,DC Comics
Marvel Girl,Rachel Anne Summers,-,Marvel Comics
Master Brood,Currently Colin Wood,Perhaps England,Team Epic TV
Master Chief,John-117,"Elysium City, Eridanus II",Microsoft
Match,Kent Connor,-,DC Comics
Matt Parkman,Matthew Parkman,-,NBC - Heroes
Maverick,Christopher Bradley,-,Marvel Comics
Maxima,,Almerac,DC Comics
Ariel,Ariel,-,Marvel Comics
Maya Herrera,Maya Herrera,Dominican Republic,NBC - Heroes
Medusa,Medusalith Amaquelin Boltagon,"Island of Attilan, Atlantic Ocean",Marvel Comics
Meltdown,Tabitha Smith,"Roanoke, Virginia",Boom-Boom
Mephisto,,Hell,Marvel Comics
Mera,Mera,-,DC Comics
Metallo,John Corben,-,DC Comics
Metamorpho,Rex Mason,-,DC Comics
Meteorite,,-,Marvel Comics
Metron,Metron,-,DC Comics
Micah Sanders,Micah Sanders,-,NBC - Heroes
Armor,Hisako Ichiki,-,Marvel Comics
Michelangelo,,-,IDW Publishing
Micro Lad,Gim Allon,-,DC Comics
Mimic,Calvin Montgomery Rankin,"Passiac, New Jersey",Marvel Comics
Minna Murray,Wilhelmina Harker,-,Wildstorm
Misfit,Charlotte Gage-Radcliffe,-,Batgirl V
Miss Martian,M'gann M'orzz,Mars,DC Comics
Mister Fantastic,Reed Richards,"Central City, California",Marvel Comics
Mister Freeze,Victor Fries,-,DC Comics
Mister Knife,J'son,"Spartax, Spartoi Empire, near the Shi'ar Galaxy",Marvel Comics
Mister Mxyzptlk,Mr. Mxyzptlk,-,DC Comics
Arsenal,"Roy William Harper, Jr.",-,Speedy
Mister Sinister,Nathaniel Essex,"London, England",Marvel Comics
Mister Zsasz,Victor Zsasz,-,DC Comics
Mockingbird,Barbara Morse,"San Diego, California",Marvel Comics
MODOK,George Tarleton,-,Marvel Comics
Mogo,Mogo,-,DC Comics
Mohinder Suresh,Mohinder Suresh,India,NBC - Heroes
Moloch,Edgar William Jacobi,-,DC Comics
Molten Man,Mark Raxton,-,Marvel Comics
Monarch,Nathaniel Christopher Adam,-,DC Comics
Monica Dawson,Monica Dawson,-,NBC - Heroes
Astro Boy,Atom,-,null
Moon Knight,Marc Spector,"Chicago, Illinois",Marvel Comics
Moonstone,Karla Sofen,"Van Nuys, California",Marvel Comics
Morlun,Morlun,-,Marvel Comics
Morph,Kevin Sydney,"Pittsburgh, Pennsylvania",Marvel Comics
Moses Magnum,Moses Magnum,-,Marvel Comics
Mr Immortal,Craig Hollis,-,Marvel Comics
Mr Incredible,Robert Parr,-,Dark Horse Comics
Ms Marvel II,Sharon Ventura,"Pullman, Washington",She-Thing
Multiple Man,James Arthur,"Los Alamos, New Mexico",Marvel Comics
Mysterio,Quentin Beck,"New York, New York",Marvel Comics
Atlas,Erik Josten,"Milwaukee, Wisconsin",Goliath
Mystique,Raven Darkholme,-,Marvel Comics
Namor,Namor McKenzie,Atlantis,Marvel Comics
Namor,,-,Marvel Comics
Namora,Aquaria Nautica Neptunia,Unnamed Atlantean outpost,Marvel Comics
Namorita,Namorita Prentiss,Atlantis Outskirts,Marvel Comics
Naruto Uzumaki,,-,Shueisha
Nathan Petrelli,Nathan Petrelli,-,NBC - Heroes
Nebula,,-,Marvel Comics
Negasonic Teenage Warhead,Ellie Phimister,-,Marvel Comics
Nick Fury,Nicholas Joseph Fury,New York City,Marvel Comics
Atlas,,Crystal Mountain,DC Comics
Nightcrawler,Kurt Wagner,Somewhere in the Bavarian Alps,Marvel Comics
Nightwing,Dick Grayson,Gotham City,Batman II
Niki Sanders,Nicole Sanders,-,NBC - Heroes
Nina Theroux,,-,SyFy
Nite Owl II,Daniel Dreiberg,-,DC Comics
Northstar,Jean-Paul Beaubier,"Montreal, Qu?bec, Canada",Marvel Comics
Nova,Richard Rider,"Queens, NY",Marvel Comics
Nova,Frankie Raye,-,Marvel Comics
Odin,Odin Borson,Asgard,Marvel Comics
Offspring,Luke O'Brian,-,DC Comics
Abraxas,Abraxas,Within Eternity,Marvel Comics
Atom,Albert Pratt,-,DC Comics
Omega Red,Arkady Gregorivich,-,Marvel Comics
Omniscient,Omniscient is the closest English word that compares to his alien tongue.,Another Unknown World,Team Epic TV
One Punch Man,Saitama,-,Shueisha
One-Above-All,,-,Marvel Comics
Onslaught,Onslaught,-,Marvel Comics
Oracle,Barbara Gordon,-,Batgirl
Osiris,Amon Tomaz,-,DC Comics
Overtkill,Nicholas Rocca,-,Image Comics
Ozymandias,Adrian Veidt,-,DC Comics
Parademon,,Apokalips,DC Comics
Atom,,-,DC Comics
Paul Blart,Paul Blart,-,Sony Pictures
Penance,,-,Marvel Comics
Penance I,,-,Marvel Comics
Penance II,Robert Baldwin,"Springdale, Connecticut",Speedball
Penguin,Oswald Chesterfield Cobblepot,-,DC Comics
Phantom,Christopher Walker,-,DC Comics
Phantom Girl,Tinya Wazzo,-,DC Comics
Phoenix,Jean Grey,-,Jean Grey
Plantman,Samuel Smithers,"London, England",Marvel Comics
Plastic Lad,Luke O'Brian,-,DC Comics
Atom Girl,Salu Digby,-,DC Comics
Plastic Man,Patrick O'Brian,-,DC Comics
Plastique,Bette Sans Souci,-,DC Comics
Poison Ivy,Pamela Isley,"Seattle, Washington",DC Comics
Polaris,Lorna Dane,Presumably northern California - not confirmed,Marvel Comics
Power Girl,Kara Zor-L,-,DC Comics
Power Man,Luke Cage,-,Luke Cage
Predator,Yautja,Yautja Prime,Dark Horse Comics
Professor X,Charles Francis Xavier,"New York, New York",Marvel Comics
Professor Zoom,Eobard Thawne,-,DC Comics
Psylocke,Elizabeth Braddock,"Braddock Manor, England",Marvel Comics
Atom II,Ray Palmer,-,DC Comics
Punisher,Frank Castle,"Queens, New York",Marvel Comics
Purple Man,Zebediah Killgrave,-,Marvel Comics
Pyro,St. John Allerdyce,"Sydney, Australia",Marvel Comics
Q,Q,-,Star Trek
Quantum,,-,HarperCollins
Question,Charles Victor Szasz,-,DC Comics
Quicksilver,Pietro Django Maximoff,"Wundagore Mountain, Transia (in Eastern Europe)",Marvel Comics
Quill,Maxwell Jordan,-,Marvel Comics
Ra's Al Ghul,Ra's Al Ghul,Egypt,DC Comics
Rachel Pirzad,,-,SyFy
Atom III,Adam Cray,-,DC Comics
Rambo,John Rambo,"Bowie, Arizona",null
Raphael,,-,IDW Publishing
Raven,Rachel Roth,Azarath,DC Comics
Ray,Ray Terrill,-,DC Comics
Razor-Fist II,Douglas Scott,-,Marvel Comics
Red Arrow,Roy Harper,-,DC Comics
Red Hood,Jason Todd,-,Robin II
Red Hulk,Thaddeus E. Ross,-,Marvel Comics
Red Mist,Chris Genovese,-,Icon Comics
Red Robin,Tim Drake,Gotham City,Robin III
Atom IV,Ryan Choi,-,DC Comics
Red Skull,Johann Shmidt,An unidentified village in Germany,Marvel Comics
Red Tornado,John Smith,-,DC Comics
Redeemer II,Phil Timper,-,Image Comics
Redeemer III,Eddie Frank,-,Image Comics
Renata Soliz,,-,HarperCollins
Rey,,Jakku,George Lucas
Rhino,Aleksei Mikhailovich Sytsevich,-,Marvel Comics
Rick Flag,Richard Rogers Flag,-,DC Comics
Riddler,Edward Nigma,-,DC Comics
Rip Hunter,Richard Hunter,-,DC Comics
Aurora,Jeanne-Marie Beaubier,"Montreal, Quebec, Canada",Marvel Comics
Ripcord,Miranda Leevald,-,Marvel Comics
Robin,Dick Grayson,-,Batman II
Robin II,Jason Todd,-,Red Hood
Robin III,Tim Drake,-,Red Robin
Robin V,Damian Wayne,-,DC Comics
Robin VI,Carrie Kelley,Gotham City,DC Comics
Rocket Raccoon,Rocket Raccoon,-,Marvel Comics
Rogue,Anna Marie,"Caldecott County, Mississippi",Marvel Comics
Ronin,Clint Barton,"Waverly, Iowa",Goliath
Rorschach,Walter Joseph Kovacs,-,DC Comics
Azazel,,"Isla des Demonas, Caribbean Sea",Marvel Comics
Sabretooth,Victor Creed,-,Marvel Comics
Sage,Tessa,Place of birth unknown,Marvel Comics
Sandman,William Baker,"Queens, New York",Marvel Comics
Sasquatch,Walter Langkowski,"Edmonton, Alberta, Canada",Marvel Comics
Sauron,Sauron,-,J. R. R. Tolkien
Savage Dragon,Kurr,-,Image Comics
Scarecrow,Jonathan Crane,-,DC Comics
Scarlet Spider,Benjamin Reilly,Place of birth unknown,Spider-Carnage
Scarlet Spider II,Kaine Parker,-,Marvel Comics
Scarlet Witch,Wanda Maximoff,"Wundagore Mountain, Transia",Marvel Comics
Azrael,Michael Washington Lane,Gotham City,DC Comics
Scorpia,Elaine Coll,-,Marvel Comics
Scorpion,MacDonald Gargan,-,Venom III
Sebastian Shaw,Sebastian Hiram Shaw,-,Marvel Comics
Sentry,Robert Reynolds,-,Marvel Comics
Shadow King,Amahl Farouk,-,Marvel Comics
Shadow Lass,Tasmia Mallor,Talok VIII,DC Comics
Shadowcat,Kitty Pryde,"Deerfield, Illinois",Marvel Comics
Shang-Chi,Shang-Chi,-,Marvel Comics
Shatterstar,Gaveedra Seven,Mojoworld,Marvel Comics
She-Hulk,Jennifer Walters,"Los Angeles, California",Marvel Comics
Aztar,Aztar,-,Spectre
She-Thing,Sharon Ventura,-,Ms Marvel II
Shocker,Herman Schultz,-,Marvel Comics
Shriek,Frances Louise Barrison,-,Marvel Comics
Shrinking Violet,,-,DC Comics
Sif,Sif,-,Marvel Comics
Silk,Cindy Moon,-,Marvel Comics
Silk Spectre,Sally Juspeczyk,-,DC Comics
Silk Spectre II,Laurie Juspeczyk,-,DC Comics
Silver Surfer,Norrin Radd,Zenn-La,Marvel Comics
Silverclaw,Maria de Guadalupe Santiago,"The village of Kamekeri, Costa Verde",Marvel Comics
Absorbing Man,Carl Creel,"New York City, New York",Marvel Comics
Bane,,-,DC Comics
Simon Baz,Simoon Baz,"Dearborn, Michigan",DC Comics
Sinestro,Thaal Sinestro,"Korugar City, Korugar",DC Comics
Siren,Hila,-,DC Comics
Siren II,La Sirene la Bailene,Atlantis,DC Comics
Siryn,Theresa Rourke Cassidy,"Cassidy Keep, County Mayo, Ireland",Marvel Comics
Skaar,,Sakaar,Marvel Comics
Snake-Eyes,,-,Marvel Comics
Snowbird,Narya,"Near Resolute Bay, Northwest Territories, Canada",Marvel Comics
Sobek,Yurrd the Unknown,Nile River; Bioengineered at Oolong Island,DC Comics
Solomon Grundy,Cyrus Gold,Gotham City,DC Comics
Banshee,Sean Cassidy,"Cassidy Keep, Ireland",Marvel Comics
Songbird,Melissa Joan Gold,"Shoshoni, Wyoming",Marvel Comics
Space Ghost,Thaddeus Bach,-,DC Comics
Spawn,Al Simmons,"Detroit, Michigan (8th level of Hell after rebirth)",Image Comics
Spectre,Aztar,-,Aztar
Speedball,Robert Baldwin,"Springdale, Connecticut",Penance II
Speedy,Thea Queen,Starling City,DC Comics
Speedy,"Roy William Harper, Jr.",-,Arsenal
Spider-Carnage,Benjamin Reilly,-,Scarlet Spider
Spider-Girl,May 'Mayday' Parker,"New York City, New York",Marvel Comics
Spider-Gwen,Gwen Stacy,-,Marvel Comics
Bantam,Roberto Velasquez,-,Marvel Comics
Spider-Man,Peter Parker,"New York, New York",Marvel Comics
Spider-Man,Miguel O'Hara,-,Marvel Comics
Spider-Man,Miles Morales,-,Marvel Comics
Spider-Woman,Jessica Drew,"London, England",Marvel Comics
Spider-Woman II,,-,Marvel Comics
Spider-Woman III,Martha Franklin,"Rochester, New York",Marvel Comics
Spider-Woman IV,Charlotte Witter,-,Marvel Comics
Spock,S'chn T'gai Spock,-,Star Trek
Spyke,Evan Daniels,-,Marvel Comics
Stacy X,,-,Marvel Comics
Batgirl,Barbara Gordon,-,Oracle
Star-Lord,Peter Jason Quill,-,Marvel Comics
Stardust,,-,Marvel Comics
Starfire,Koriand'r,Tamaran,DC Comics
Stargirl,Courtney Whitmore,-,DC Comics
Static,Virgil Hawkins,"Paris Island, Dakota City",DC Comics
Steel,John Henry Irons,"Washington, D.C.",DC Comics
Stephanie Powell,Stephanie Powell,-,ABC Studios
Steppenwolf,,-,DC Comics
Storm,Ororo Munroe,"New York, New York",Marvel Comics
Stormtrooper,,-,George Lucas
Batgirl,Mary Elizabeth Kane,-,Hawkfire
Sunspot,Roberto DaCosta,"Rio de Janeiro, Brazil",Marvel Comics
Superboy,Kon-El / Conner Kent,Project Cadmus cloning facility,DC Comics
Superboy-Prime,Kal-El,Krypton (Earth-Prime),DC Comics
Supergirl,Kara Zor-El,"Argo City, Krypton",DC Comics
Superman,Clark Kent,Krypton,Superman Prime One-Million
Swamp Thing,Alec Holland,-,DC Comics
Swarm,Fritz von Meyer,-,Marvel Comics
Sylar,Gabriel Gray,-,NBC - Heroes
Synch,Everett Thomas,-,Marvel Comics
T-1000,Cyberdyne Systems Series 1000 Terminator,-,Dark Horse Comics
Batgirl III,Helena Rosa Bertinelli,-,Huntress
T-800,Cyberdyne Systems Series 800 Terminator Model 101,-,Dark Horse Comics
T-850,Cyberdyne Systems Series 850 Terminator,-,Dark Horse Comics
T-X,Cyberdyne Systems Series X Terminator,-,Dark Horse Comics
Taskmaster,Tony Masters,-,Marvel Comics
Tempest,Angel Salvadore Bohusk,-,Angel Salvadore
Thanos,Thanos,Titan,Marvel Comics
The Cape,Vince Faraday,-,null
The Comedian,Edward Morgen Blake,-,DC Comics
Thing,Ben Grimm,"New York City, New York",Marvel Comics
Thor,Thor Odinson,Asgard,Rune King Thor
Batgirl IV,Cassandra Cain,League of Assassins (exact base is unknown),DC Comics
Thor Girl,Tarene,-,Marvel Comics
Thunderbird,John Proudstar,"Camp Verde, Arizona",Marvel Comics
Thunderbird II,James Proudstar,-,Warpath
Thunderbird III,Neal Shaara,Bangladesh,Marvel Comics
Thunderstrike,Eric Kevin Masterson,-,Marvel Comics
Thundra,Thundra,-,Marvel Comics
Tiger Shark,Todd Arliss,"Pasadena, California",Marvel Comics
Tigra,Greer Grant Nelson,Presumably Chicago Illinois USA,Marvel Comics
Tinkerer,Phineas Mason,-,Marvel Comics
Titan,,-,HarperCollins
Batgirl V,Charlotte Gage-Radcliffe,-,Misfit
Toad,Mortimer Toynbee,"York, England",Marvel Comics
Toxin,Patrick Mulligan,New York City,Marvel Comics
Toxin,Eddie Brock,"San Francisco, California",Anti-Venom
Tracy Strauss,Tracy Strauss,"Beverly Hills, CA",NBC - Heroes
Trickster,Giovanni Giuseppe,-,DC Comics
Trigon,,-,DC Comics
Triplicate Girl,Luornu Durgo,-,DC Comics
Triton,Triton,"Island of Attilan, Atlantic Ocean",Marvel Comics
Two-Face,Harvey Dent,-,DC Comics
Ultragirl,Tsu-Zana,-,Marvel Comics
Batgirl VI,Stephanie Brown,-,Spoiler
Ultron,Ultron,"Created in Cresskill, New Jersey",Marvel Comics
Utgard-Loki,,Jotunheim,Marvel Comics
Vagabond,Priscilla Lyons,-,Marvel Comics
Valerie Hart,,"East Coast, Canada",Team Epic TV
Valkyrie,Brunnhilde (also spelled Brunnhilda),Presumably Asgard,Marvel Comics
Vanisher,,"Boston, Massachusetts",Marvel Comics
Vegeta,Vegeta,-,Shueisha
Venom,Eddie Brock,"New York, New York",Anti-Venom
Venom II,Angelo Fortunato,-,Marvel Comics
Venom III,MacDonald Gargan,-,Scorpion
Batman,Terry McGinnis,"Gotham City, 25th Century",DC Comics
Venompool,Wade Wilson,-,Deadpool
Vertigo II,-,The Savage Land,Blaquesmith
Vibe,Cisco Ramon,-,DC Comics
Vindicator,Heather Hudson,"Calgary, Alberta, Canada",Vindicator II
Vindicator,Dr. James McDonald Hudson,-,Marvel Comics
Violator,,-,Image Comics
Violet Parr,Violet Parr,-,Dark Horse Comics
Vision,Vision,-,Anti-Vision
Vision II,Vision,Place of birth unknown,Anti-Vision
Vixen,Mari McCabe,Zambesi,DC Comics
Adam Monroe,,-,NBC - Heroes
Batman,Bruce Wayne,"Crest Hill, Bristol Township; Gotham County",DC Comics
Vulcan,Gabriel Summers,-,Marvel Comics
Vulture,Adrian Toomes,"Staten Island, New York City",Marvel Comics
Walrus,Hubert Carpent,"Brooklyn, New York",Marvel Comics
War Machine,James Rupert Rhodes,"Philadelphia, Pennsylvania",Marvel Comics
Warbird,Carol Danvers,"Boston, Massachusetts",Binary
Warlock,Adam Warlock,"The Beehive, Shard Island, Atlantic Ocean",Marvel Comics
Warp,Emil LaSalle,-,DC Comics
Warpath,James Proudstar,"Camp Verde, Arizona",Thunderbird II
Wasp,Janet Van Dyne,"Cresskill, New Jersey",Marvel Comics
Watcher,Uatu,-,Marvel Comics
Batman II,Dick Grayson,-,Nightwing
Weapon XI,Weapon XI,-,Marvel Comics
White Canary,,-,DC Comics
White Queen,Emma Grace Frost,"Boston, Massachusetts",Marvel Comics
Wildfire,Drake Burroughs,-,DC Comics
Winter Soldier,Bucky Barnes,-,Marvel Comics
Wiz Kid,Takashi Matsuya,Place of birth unknown,Marvel Comics
Wolfsbane,Rahne Sinclair,"Somewhere in Ross and Cromarty, Scotland",Marvel Comics
Wolverine,Logan,"Alberta, Canada",Marvel Comics
Wonder Girl,Cassandra Elizabeth Sandsmark,-,DC Comics
Wonder Man,Simon Williams,"Paterson, New Jersey",Marvel Comics
Battlestar,Lemar Hoskins,"Chicago, Illinois",Marvel Comics
Wonder Woman,Diana Prince,Themyscira,DC Comics
Wondra,,-,Marvel Comics
Wyatt Wingfoot,Wyatt Wingfoot,"Keewazi Reservation, Oklahoma",Marvel Comics
X-23,Laura Kinney,"The Facility, location unrevealed",Marvel Comics
X-Man,Nate Grey,American Northeast of Earth-295,Marvel Comics
Yellow Claw,,Somewhere in mainland China,Marvel Comics
Yellowjacket,Hank Pym,"Elmsford, New York",Ant-Man
Yellowjacket II,Rita DeMara,-,Marvel Comics
Ymir,Ymir,Niffleheim,Marvel Comics
Yoda,Yoda,-,George Lucas
Batwoman V,Katherine Rebecca Kane,-,DC Comics
Zatanna,Zatanna Zatara,-,DC Comics
Zoom,Hunter Zolomon,-,DC Comics
Beak,Barnell Bohusk,"Cheverly, Maryland",Marvel Comics
Beast,Henry Philip McCoy,"Dunfee, Illinois",Marvel Comics
Beast Boy,Garfield Mark Logan,-,DC Comics
Beetle,,-,Marvel Comics
Ben 10,Benjamin Kirby Tennyson,-,DC Comics
Beta Ray Bill,Beta Ray Bill (translation of his Korbinite name),Burning Galaxy,Marvel Comics
Adam Strange,Adam Strange,"Chicago, Illinois",DC Comics
Beyonder,,Created in the Beyond,Marvel Comics
Big Barda,Barda Free,-,DC Comics
Big Daddy,Damon Macready,-,Icon Comics
Big Man,Frederick Foswell,-,Marvel Comics
Bill Harken,,-,SyFy
Billy Kincaid,Billy Kincaid,-,Image Comics
Binary,Carol Danvers,"Boston, Massachusetts",Captain Marvel
Bionic Woman,Jamie Sommers,-,
Bird-Brain,,-,Marvel Comics
Bird-Man,Henry Hawk,-,Marvel Comics
Agent 13,Sharon Carter,-,Sharon Carter
Bird-Man II,Achille DiBacco,"The Bar with No Name, Medina County, Ohio",Marvel Comics
Birdman,Ray Randal,-,Hanna-Barbera
Bishop,Lucas Bishop,A mutant relocation camp in an undisclosed location on an alternate 21st Century Earth,Marvel Comics
Bizarro,Bizarro,-,DC Comics
Black Abbott,,-,Marvel Comics
Black Adam,Teth-Adam,"Kahndaq, Egypt",DC Comics
Black Bolt,Blackagar Boltagon,"Attilan, Atlantic Ocean",Marvel Comics
Black Canary,Laurel Lance,-,DC Comics
Black Canary,Dinah Drake Lance,-,DC Comics
Black Cat,Felicia Hardy,"Queens, New York",Marvel Comics
